Metric,Value
design__lint_error__count,2
design__lint_timing_construct__count,0
design__lint_warning__count,446
design__inferred_latch__count,0
design__instance__count,743
design__instance__area,122716
design__instance_unmapped__count,0
synthesis__check_error__count,0
design__max_slew_violation__count__corner:nom_tt_025C_1v80,0
design__max_fanout_violation__count__corner:nom_tt_025C_1v80,0
design__max_cap_violation__count__corner:nom_tt_025C_1v80,0
power__internal__total,0.0015413325745612383
power__switching__total,0.0000845834074425511
power__leakage__total,5.017669835183369E-8
power__total,0.0016259661642834544
clock__skew__worst_hold__corner:nom_tt_025C_1v80,0.0
clock__skew__worst_setup__corner:nom_tt_025C_1v80,0.0
timing__hold__ws__corner:nom_tt_025C_1v80,0.37969095608967895
timing__setup__ws__corner:nom_tt_025C_1v80,12.005115463752938
timing__hold__tns__corner:nom_tt_025C_1v80,0.0
timing__setup__tns__corner:nom_tt_025C_1v80,0.0
timing__hold__wns__corner:nom_tt_025C_1v80,0
timing__setup__wns__corner:nom_tt_025C_1v80,0.0
timing__hold_vio__count__corner:nom_tt_025C_1v80,0
timing__hold_r2r__ws__corner:nom_tt_025C_1v80,Infinity
timing__hold_r2r_vio__count__corner:nom_tt_025C_1v80,0
timing__setup_vio__count__corner:nom_tt_025C_1v80,0
timing__setup_r2r__ws__corner:nom_tt_025C_1v80,Infinity
timing__setup_r2r_vio__count__corner:nom_tt_025C_1v80,0
design__max_slew_violation__count__corner:nom_ss_100C_1v60,0
design__max_fanout_violation__count__corner:nom_ss_100C_1v60,0
design__max_cap_violation__count__corner:nom_ss_100C_1v60,0
clock__skew__worst_hold__corner:nom_ss_100C_1v60,0.0
clock__skew__worst_setup__corner:nom_ss_100C_1v60,0.0
timing__hold__ws__corner:nom_ss_100C_1v60,0.46050320415925083
timing__setup__ws__corner:nom_ss_100C_1v60,12.418063373530439
timing__hold__tns__corner:nom_ss_100C_1v60,0.0
timing__setup__tns__corner:nom_ss_100C_1v60,0.0
timing__hold__wns__corner:nom_ss_100C_1v60,0
timing__setup__wns__corner:nom_ss_100C_1v60,0.0
timing__hold_vio__count__corner:nom_ss_100C_1v60,0
timing__hold_r2r__ws__corner:nom_ss_100C_1v60,Infinity
timing__hold_r2r_vio__count__corner:nom_ss_100C_1v60,0
timing__setup_vio__count__corner:nom_ss_100C_1v60,0
timing__setup_r2r__ws__corner:nom_ss_100C_1v60,Infinity
timing__setup_r2r_vio__count__corner:nom_ss_100C_1v60,0
design__max_slew_violation__count__corner:nom_ff_n40C_1v95,0
design__max_fanout_violation__count__corner:nom_ff_n40C_1v95,0
design__max_cap_violation__count__corner:nom_ff_n40C_1v95,0
clock__skew__worst_hold__corner:nom_ff_n40C_1v95,0.0
clock__skew__worst_setup__corner:nom_ff_n40C_1v95,0.0
timing__hold__ws__corner:nom_ff_n40C_1v95,0.18825563862861253
timing__setup__ws__corner:nom_ff_n40C_1v95,11.795542654270212
timing__hold__tns__corner:nom_ff_n40C_1v95,0.0
timing__setup__tns__corner:nom_ff_n40C_1v95,0.0
timing__hold__wns__corner:nom_ff_n40C_1v95,0
timing__setup__wns__corner:nom_ff_n40C_1v95,0.0
timing__hold_vio__count__corner:nom_ff_n40C_1v95,0
timing__hold_r2r__ws__corner:nom_ff_n40C_1v95,Infinity
timing__hold_r2r_vio__count__corner:nom_ff_n40C_1v95,0
timing__setup_vio__count__corner:nom_ff_n40C_1v95,0
timing__setup_r2r__ws__corner:nom_ff_n40C_1v95,Infinity
timing__setup_r2r_vio__count__corner:nom_ff_n40C_1v95,0
design__max_slew_violation__count,0
design__max_fanout_violation__count,0
design__max_cap_violation__count,0
clock__skew__worst_hold,0.0
clock__skew__worst_setup,0.0
timing__hold__ws,0.18825563862861253
timing__setup__ws,11.791695065247254
timing__hold__tns,0.0
timing__setup__tns,0.0
timing__hold__wns,0
timing__setup__wns,0.0
timing__hold_vio__count,0
timing__hold_r2r__ws,inf
timing__hold_r2r_vio__count,0
timing__setup_vio__count,0
timing__setup_r2r__ws,inf
timing__setup_r2r_vio__count,0
design__die__bbox,0.0 0.0 380.0 435.0
design__core__bbox,5.06 5.44 374.9 429.76
design__io,108
design__die__area,165300
design__core__area,156931
design__instance__count__stdcell,742
design__instance__area__stdcell,3727.32
design__instance__count__macros,1
design__instance__area__macros,118989
design__instance__utilization,0.781978
design__instance__utilization__stdcell,0.0982382
design__instance__count__class:macro,1
design__instance__count__class:inverter,2
design__instance__count__class:sequential_cell,1
design__instance__count__class:multi_input_combinational_cell,42
flow__warnings__count,1
flow__errors__count,0
design__instance__count__class:fill_cell,2703
design__instance__count__class:tap_cell,376
design__power_grid_violation__count__net:VGND,0
design__power_grid_violation__count__net:VPWR,0
design__power_grid_violation__count,0
timing__drv__floating__nets,0
timing__drv__floating__pins,0
design__instance__displacement__total,0
design__instance__displacement__mean,0
design__instance__displacement__max,0
route__wirelength__estimated,31846.5
design__violations,0
design__instance__count__class:timing_repair_buffer,227
design__instance__count__class:clock_buffer,3
design__instance__count__class:clock_inverter,1
design__instance__count__setup_buffer,0
design__instance__count__hold_buffer,0
antenna__violating__nets,3
antenna__violating__pins,3
route__antenna_violation__count,3
antenna_diodes_count,90
design__instance__count__class:antenna_cell,90
route__net,381
route__net__special,2
route__drc_errors__iter:1,268
route__wirelength__iter:1,33792
route__drc_errors__iter:2,118
route__wirelength__iter:2,33745
route__drc_errors__iter:3,100
route__wirelength__iter:3,33793
route__drc_errors__iter:4,0
route__wirelength__iter:4,33748
route__drc_errors,0
route__wirelength,33748
route__vias,1962
route__vias__singlecut,1962
route__vias__multicut,0
design__disconnected_pin__count,22
design__critical_disconnected_pin__count,0
route__wirelength__max,440.835
timing__unannotated_net__count__corner:nom_tt_025C_1v80,33
timing__unannotated_net_filtered__count__corner:nom_tt_025C_1v80,0
timing__unannotated_net__count__corner:nom_ss_100C_1v60,33
timing__unannotated_net_filtered__count__corner:nom_ss_100C_1v60,0
timing__unannotated_net__count__corner:nom_ff_n40C_1v95,33
timing__unannotated_net_filtered__count__corner:nom_ff_n40C_1v95,0
design__max_slew_violation__count__corner:min_tt_025C_1v80,0
design__max_fanout_violation__count__corner:min_tt_025C_1v80,0
design__max_cap_violation__count__corner:min_tt_025C_1v80,0
clock__skew__worst_hold__corner:min_tt_025C_1v80,0.0
clock__skew__worst_setup__corner:min_tt_025C_1v80,0.0
timing__hold__ws__corner:min_tt_025C_1v80,0.36316550794536684
timing__setup__ws__corner:min_tt_025C_1v80,12.000768718443991
timing__hold__tns__corner:min_tt_025C_1v80,0.0
timing__setup__tns__corner:min_tt_025C_1v80,0.0
timing__hold__wns__corner:min_tt_025C_1v80,0
timing__setup__wns__corner:min_tt_025C_1v80,0.0
timing__hold_vio__count__corner:min_tt_025C_1v80,0
timing__hold_r2r__ws__corner:min_tt_025C_1v80,Infinity
timing__hold_r2r_vio__count__corner:min_tt_025C_1v80,0
timing__setup_vio__count__corner:min_tt_025C_1v80,0
timing__setup_r2r__ws__corner:min_tt_025C_1v80,Infinity
timing__setup_r2r_vio__count__corner:min_tt_025C_1v80,0
timing__unannotated_net__count__corner:min_tt_025C_1v80,33
timing__unannotated_net_filtered__count__corner:min_tt_025C_1v80,0
design__max_slew_violation__count__corner:min_ss_100C_1v60,0
design__max_fanout_violation__count__corner:min_ss_100C_1v60,0
design__max_cap_violation__count__corner:min_ss_100C_1v60,0
clock__skew__worst_hold__corner:min_ss_100C_1v60,0.0
clock__skew__worst_setup__corner:min_ss_100C_1v60,0.0
timing__hold__ws__corner:min_ss_100C_1v60,0.4263860496476208
timing__setup__ws__corner:min_ss_100C_1v60,12.415489432397353
timing__hold__tns__corner:min_ss_100C_1v60,0.0
timing__setup__tns__corner:min_ss_100C_1v60,0.0
timing__hold__wns__corner:min_ss_100C_1v60,0
timing__setup__wns__corner:min_ss_100C_1v60,0.0
timing__hold_vio__count__corner:min_ss_100C_1v60,0
timing__hold_r2r__ws__corner:min_ss_100C_1v60,Infinity
timing__hold_r2r_vio__count__corner:min_ss_100C_1v60,0
timing__setup_vio__count__corner:min_ss_100C_1v60,0
timing__setup_r2r__ws__corner:min_ss_100C_1v60,Infinity
timing__setup_r2r_vio__count__corner:min_ss_100C_1v60,0
timing__unannotated_net__count__corner:min_ss_100C_1v60,33
timing__unannotated_net_filtered__count__corner:min_ss_100C_1v60,0
design__max_slew_violation__count__corner:min_ff_n40C_1v95,0
design__max_fanout_violation__count__corner:min_ff_n40C_1v95,0
design__max_cap_violation__count__corner:min_ff_n40C_1v95,0
clock__skew__worst_hold__corner:min_ff_n40C_1v95,0.0
clock__skew__worst_setup__corner:min_ff_n40C_1v95,0.0
timing__hold__ws__corner:min_ff_n40C_1v95,0.19033175574337816
timing__setup__ws__corner:min_ff_n40C_1v95,11.791695065247254
timing__hold__tns__corner:min_ff_n40C_1v95,0.0
timing__setup__tns__corner:min_ff_n40C_1v95,0.0
timing__hold__wns__corner:min_ff_n40C_1v95,0
timing__setup__wns__corner:min_ff_n40C_1v95,0.0
timing__hold_vio__count__corner:min_ff_n40C_1v95,0
timing__hold_r2r__ws__corner:min_ff_n40C_1v95,Infinity
timing__hold_r2r_vio__count__corner:min_ff_n40C_1v95,0
timing__setup_vio__count__corner:min_ff_n40C_1v95,0
timing__setup_r2r__ws__corner:min_ff_n40C_1v95,Infinity
timing__setup_r2r_vio__count__corner:min_ff_n40C_1v95,0
timing__unannotated_net__count__corner:min_ff_n40C_1v95,33
timing__unannotated_net_filtered__count__corner:min_ff_n40C_1v95,0
design__max_slew_violation__count__corner:max_tt_025C_1v80,0
design__max_fanout_violation__count__corner:max_tt_025C_1v80,0
design__max_cap_violation__count__corner:max_tt_025C_1v80,0
clock__skew__worst_hold__corner:max_tt_025C_1v80,0.0
clock__skew__worst_setup__corner:max_tt_025C_1v80,0.0
timing__hold__ws__corner:max_tt_025C_1v80,0.3869442653592976
timing__setup__ws__corner:max_tt_025C_1v80,12.013073542618521
timing__hold__tns__corner:max_tt_025C_1v80,0.0
timing__setup__tns__corner:max_tt_025C_1v80,0.0
timing__hold__wns__corner:max_tt_025C_1v80,0
timing__setup__wns__corner:max_tt_025C_1v80,0.0
timing__hold_vio__count__corner:max_tt_025C_1v80,0
timing__hold_r2r__ws__corner:max_tt_025C_1v80,Infinity
timing__hold_r2r_vio__count__corner:max_tt_025C_1v80,0
timing__setup_vio__count__corner:max_tt_025C_1v80,0
timing__setup_r2r__ws__corner:max_tt_025C_1v80,Infinity
timing__setup_r2r_vio__count__corner:max_tt_025C_1v80,0
timing__unannotated_net__count__corner:max_tt_025C_1v80,33
timing__unannotated_net_filtered__count__corner:max_tt_025C_1v80,0
design__max_slew_violation__count__corner:max_ss_100C_1v60,0
design__max_fanout_violation__count__corner:max_ss_100C_1v60,0
design__max_cap_violation__count__corner:max_ss_100C_1v60,0
clock__skew__worst_hold__corner:max_ss_100C_1v60,0.0
clock__skew__worst_setup__corner:max_ss_100C_1v60,0.0
timing__hold__ws__corner:max_ss_100C_1v60,0.4770668439766902
timing__setup__ws__corner:max_ss_100C_1v60,12.426104941169836
timing__hold__tns__corner:max_ss_100C_1v60,0.0
timing__setup__tns__corner:max_ss_100C_1v60,0.0
timing__hold__wns__corner:max_ss_100C_1v60,0
timing__setup__wns__corner:max_ss_100C_1v60,0.0
timing__hold_vio__count__corner:max_ss_100C_1v60,0
timing__hold_r2r__ws__corner:max_ss_100C_1v60,Infinity
timing__hold_r2r_vio__count__corner:max_ss_100C_1v60,0
timing__setup_vio__count__corner:max_ss_100C_1v60,0
timing__setup_r2r__ws__corner:max_ss_100C_1v60,Infinity
timing__setup_r2r_vio__count__corner:max_ss_100C_1v60,0
timing__unannotated_net__count__corner:max_ss_100C_1v60,33
timing__unannotated_net_filtered__count__corner:max_ss_100C_1v60,0
design__max_slew_violation__count__corner:max_ff_n40C_1v95,0
design__max_fanout_violation__count__corner:max_ff_n40C_1v95,0
design__max_cap_violation__count__corner:max_ff_n40C_1v95,0
clock__skew__worst_hold__corner:max_ff_n40C_1v95,0.0
clock__skew__worst_setup__corner:max_ff_n40C_1v95,0.0
timing__hold__ws__corner:max_ff_n40C_1v95,0.19316193635779558
timing__setup__ws__corner:max_ff_n40C_1v95,11.802408273648666
timing__hold__tns__corner:max_ff_n40C_1v95,0.0
timing__setup__tns__corner:max_ff_n40C_1v95,0.0
timing__hold__wns__corner:max_ff_n40C_1v95,0
timing__setup__wns__corner:max_ff_n40C_1v95,0.0
timing__hold_vio__count__corner:max_ff_n40C_1v95,0
timing__hold_r2r__ws__corner:max_ff_n40C_1v95,Infinity
timing__hold_r2r_vio__count__corner:max_ff_n40C_1v95,0
timing__setup_vio__count__corner:max_ff_n40C_1v95,0
timing__setup_r2r__ws__corner:max_ff_n40C_1v95,Infinity
timing__setup_r2r_vio__count__corner:max_ff_n40C_1v95,0
timing__unannotated_net__count__corner:max_ff_n40C_1v95,33
timing__unannotated_net_filtered__count__corner:max_ff_n40C_1v95,0
timing__unannotated_net__count,33
timing__unannotated_net_filtered__count,0
design__xor_difference__count,0
magic__drc_error__count,138
klayout__drc_error__count,0
magic__illegal_overlap__count,9469
design__lvs_device_difference__count,0
design__lvs_net_difference__count,0
design__lvs_property_fail__count,0
design__lvs_error__count,0
design__lvs_unmatched_device__count,0
design__lvs_unmatched_net__count,0
design__lvs_unmatched_pin__count,0
